市区町村コード,地域コード,都道府県名,市区町村名,調査年月日,地域名,総人口,男性,女性,0-4歳の男性,0-4歳の女性,5-9歳の男性,5-9歳の女性,10-14歳の男性,10-14歳の女性,15-19歳の男性,15-19歳の女性,20-24歳の男性,20-24歳の女性,25-29歳の男性,25-29歳の女性,30-34歳の男性,30-34歳の女性,35-39歳の男性,35-39歳の女性,40-44歳の男性,40-44歳の女性,45-49歳の男性,45-49歳の女性,50-54歳の男性,50-54歳の女性,55-59歳の男性,55-59歳の女性,60-64歳の男性,60-64歳の女性,65-69歳の男性,65-69歳の女性,70-74歳の男性,70-74歳の女性,75-79歳の男性,75-79歳の女性,80-84歳の男性,80-84歳の女性,85歳以上の男性,85歳以上の女性,世帯数,備考
303666,101,和歌山県,有田川町,2026-01-31,天満,1300,649,651,36,25,39,21,37,47,43,38,40,33,33,33,44,35,41,50,56,45,48,33,42,45,40,37,32,48,28,32,26,38,32,34,21,24,11,33,537,
303666,102,和歌山県,有田川町,2026-01-31,下津野,2925,1423,1502,106,75,104,88,98,95,85,76,68,63,51,61,91,117,106,97,104,131,106,100,97,96,76,85,77,102,76,75,56,51,55,69,35,50,32,71,1084,
303666,106,和歌山県,有田川町,2026-01-31,植野,481,226,255,15,15,9,17,12,14,13,15,7,16,15,14,18,18,15,14,12,13,14,15,16,16,18,10,12,17,13,23,21,15,8,9,4,4,4,10,179,
303666,107,和歌山県,有田川町,2026-01-31,土生,599,285,314,14,20,19,21,17,18,21,8,9,10,18,13,17,22,23,23,19,17,13,15,22,24,14,22,16,18,23,20,10,9,14,32,9,7,7,15,229,
303666,108,和歌山県,有田川町,2026-01-31,奥,705,343,362,20,24,24,21,23,21,18,14,18,13,18,12,15,21,29,33,20,25,23,15,20,30,18,22,22,24,21,15,14,17,13,16,12,12,15,27,240,
303666,109,和歌山県,有田川町,2026-01-31,水尻,1452,695,757,25,25,33,28,32,40,41,41,39,43,51,49,42,42,50,50,57,51,54,49,58,63,45,58,47,53,29,40,32,36,35,40,11,18,14,31,649,
303666,110,和歌山県,有田川町,2026-01-31,熊井,357,172,185,4,4,6,11,7,7,7,12,11,8,12,10,5,7,8,7,6,9,11,13,22,22,21,22,21,15,8,7,12,4,6,6,3,5,2,16,172,
303666,111,和歌山県,有田川町,2026-01-31,明王寺,560,258,302,6,19,10,6,9,14,10,16,22,15,16,11,18,19,14,14,11,14,25,27,26,17,15,17,13,24,17,21,20,15,9,13,10,15,7,25,246,
303666,112,和歌山県,有田川町,2026-01-31,小島,327,161,166,1,1,5,4,6,11,10,9,10,11,7,11,7,4,13,6,11,11,13,14,8,14,15,10,10,8,9,15,12,9,11,15,7,6,6,7,159,
303666,113,和歌山県,有田川町,2026-01-31,野田,747,369,378,30,31,25,36,32,26,21,13,20,14,27,29,27,34,33,23,24,31,27,21,21,22,19,19,14,23,14,11,13,12,9,14,7,8,6,11,280,
303666,121,和歌山県,有田川町,2026-01-31,大賀畑,9,4,5,0,0,0,0,0,0,0,0,0,0,0,0,0,0,0,0,0,0,1,0,0,0,0,0,0,0,0,1,1,0,1,2,0,2,1,0,6,
303666,122,和歌山県,有田川町,2026-01-31,田口,318,148,170,3,1,7,6,7,11,8,11,8,8,7,3,4,4,6,4,9,8,4,9,14,14,13,17,11,7,9,14,13,12,9,17,7,7,9,17,119,
303666,123,和歌山県,有田川町,2026-01-31,大谷,151,74,77,1,3,3,3,3,2,6,1,1,3,3,3,1,3,2,2,7,4,3,4,7,5,8,4,3,2,1,6,5,6,11,11,5,9,4,6,61,
303666,124,和歌山県,有田川町,2026-01-31,井口,236,102,134,0,1,5,2,1,0,2,6,8,10,8,5,7,3,4,1,2,7,4,7,8,13,12,7,7,10,5,10,8,10,9,17,5,10,7,15,91,
303666,125,和歌山県,有田川町,2026-01-31,賢,365,175,190,5,1,4,6,3,9,9,6,4,4,10,9,9,6,5,7,9,12,10,9,13,11,15,17,8,9,13,21,19,18,19,13,9,14,11,18,133,
303666,126,和歌山県,有田川町,2026-01-31,田角,53,26,27,1,0,1,0,0,0,0,0,0,0,0,0,0,0,2,2,2,1,2,0,1,1,1,2,3,4,4,4,4,4,2,2,3,4,0,3,26,
303666,127,和歌山県,有田川町,2026-01-31,船坂,154,77,77,5,1,1,0,2,2,6,2,3,1,3,3,3,5,4,4,5,1,2,5,4,5,6,10,7,3,5,9,6,5,8,6,2,8,5,7,59,
303666,128,和歌山県,有田川町,2026-01-31,長谷,6,3,3,0,0,0,0,0,0,0,0,0,0,0,0,0,0,0,0,0,0,0,0,3,0,0,0,0,0,0,0,0,0,0,1,0,1,0,1,4,
303666,129,和歌山県,有田川町,2026-01-31,出,173,82,91,6,3,4,9,4,6,4,5,5,2,5,5,4,4,7,7,5,7,4,4,3,3,4,5,4,3,7,8,7,10,8,3,0,3,1,4,70,
303666,130,和歌山県,有田川町,2026-01-31,尾中,147,74,73,0,1,3,8,5,1,6,3,1,2,2,5,4,2,5,4,8,6,6,2,4,5,7,5,5,5,4,5,3,3,5,8,4,4,2,4,60,
303666,131,和歌山県,有田川町,2026-01-31,角,152,67,85,1,1,0,1,1,2,7,8,3,6,1,2,0,3,5,4,5,4,5,7,9,8,2,4,4,4,7,6,5,8,5,9,4,5,3,3,65,
303666,132,和歌山県,有田川町,2026-01-31,長田,290,139,151,2,2,9,5,4,7,8,9,6,2,8,3,5,7,5,2,10,11,9,7,12,11,9,7,9,19,9,11,8,17,15,11,5,9,6,11,116,
303666,133,和歌山県,有田川町,2026-01-31,上中島,429,192,237,5,5,7,5,11,11,6,10,6,11,12,15,10,5,7,13,11,12,13,14,19,12,16,28,18,27,13,8,12,19,14,12,7,11,5,19,191,
303666,141,和歌山県,有田川町,2026-01-31,徳田,2014,993,1021,47,45,73,50,73,68,51,51,53,41,46,33,56,51,59,65,73,82,78,69,56,61,50,52,49,61,55,58,54,54,55,70,33,48,32,62,819,
303666,142,和歌山県,有田川町,2026-01-31,庄,1454,684,770,35,39,50,47,30,39,32,38,23,25,31,35,44,49,45,52,54,51,46,48,43,32,40,39,33,59,45,48,39,46,39,48,29,29,26,46,622,
303666,145,和歌山県,有田川町,2026-01-31,垣倉,363,161,202,11,11,11,14,15,10,10,7,4,4,8,11,7,8,13,15,9,10,9,17,11,10,11,13,10,10,15,21,12,18,4,6,1,9,0,8,153,
303666,146,和歌山県,有田川町,2026-01-31,東丹生図,222,98,124,5,3,1,5,5,6,3,8,2,4,0,1,7,2,6,5,5,11,5,6,4,4,8,8,12,14,7,7,13,10,6,8,3,9,6,13,81,
303666,147,和歌山県,有田川町,2026-01-31,西丹生図,341,161,180,1,5,24,15,17,14,4,9,8,6,2,3,10,9,10,14,13,13,13,16,10,10,8,9,9,9,10,17,10,9,7,3,3,7,2,12,125,
303666,148,和歌山県,有田川町,2026-01-31,吉見,166,83,83,2,3,2,5,6,2,8,1,4,4,2,3,5,3,3,5,5,4,5,5,3,4,5,5,4,5,8,6,10,9,5,7,2,2,4,10,47,
303666,201,和歌山県,有田川町,2026-01-31,吉原,971,470,501,8,10,21,10,20,14,20,23,21,16,12,21,20,7,16,21,27,26,33,30,37,34,27,37,30,34,44,50,56,51,35,40,24,30,19,47,413,
303666,202,和歌山県,有田川町,2026-01-31,糸川,74,34,40,0,0,0,0,0,0,0,0,1,0,1,2,2,1,2,0,2,3,0,1,0,1,2,2,1,4,5,3,10,8,1,1,2,5,5,9,42,
303666,203,和歌山県,有田川町,2026-01-31,修理川,105,51,54,1,0,0,0,2,1,1,1,3,1,1,2,0,0,3,3,2,0,1,2,6,7,4,5,0,5,7,2,4,7,6,6,5,5,5,7,53,
303666,204,和歌山県,有田川町,2026-01-31,宇井苔,22,9,13,0,0,0,0,0,0,0,0,0,0,0,1,1,0,0,0,0,0,0,0,1,0,0,2,1,0,0,0,2,1,0,0,1,1,3,8,17,
303666,205,和歌山県,有田川町,2026-01-31,松原,49,21,28,0,0,0,1,0,0,0,0,0,0,0,0,0,1,0,0,1,0,2,1,3,1,1,2,0,1,3,2,3,3,5,5,1,4,2,7,31,
303666,206,和歌山県,有田川町,2026-01-31,歓喜寺,148,69,79,0,2,2,0,2,3,2,1,1,0,3,2,1,4,2,3,2,1,1,4,2,4,9,7,12,13,7,6,3,2,8,6,4,6,8,15,69,
303666,211,和歌山県,有田川町,2026-01-31,伏羊,117,54,63,1,0,2,0,1,2,0,7,5,4,1,1,1,0,1,2,2,4,7,4,5,3,0,4,2,2,6,9,7,7,10,10,3,2,0,2,37,
303666,212,和歌山県,有田川町,2026-01-31,小川,828,395,433,11,8,16,4,10,13,24,10,15,12,13,21,10,11,15,14,20,19,22,21,21,20,36,35,28,34,44,40,37,37,32,42,13,37,28,55,343,
303666,214,和歌山県,有田川町,2026-01-31,中野,168,87,81,2,0,1,3,7,4,5,5,7,5,7,1,5,3,2,5,1,3,10,8,1,4,7,3,4,8,9,4,4,10,5,5,7,3,3,7,73,
303666,215,和歌山県,有田川町,2026-01-31,市場,279,125,154,2,5,3,2,5,1,3,7,7,6,4,4,1,0,6,7,10,8,7,7,9,10,15,9,7,15,13,13,13,14,9,12,4,9,7,25,131,
303666,216,和歌山県,有田川町,2026-01-31,中井原,494,229,265,8,7,11,7,8,11,10,14,8,8,11,12,8,12,9,11,8,16,11,8,18,14,17,20,17,22,20,20,18,18,18,22,13,17,16,26,208,
303666,217,和歌山県,有田川町,2026-01-31,金屋,753,329,424,8,12,8,16,15,25,18,15,14,19,10,13,15,19,12,16,18,22,17,22,31,34,25,29,27,21,22,36,24,28,24,29,16,26,25,42,331,
303666,218,和歌山県,有田川町,2026-01-31,長谷川,239,114,125,1,1,4,2,2,4,2,6,8,1,3,2,0,3,10,5,4,2,9,10,14,12,11,7,4,12,8,14,12,9,8,14,9,10,5,11,108,
303666,221,和歌山県,有田川町,2026-01-31,岩野河,87,42,45,0,0,0,0,0,0,1,1,0,1,2,0,2,1,0,0,2,0,2,1,1,2,3,3,2,1,2,3,4,5,11,9,6,8,4,10,47,
303666,222,和歌山県,有田川町,2026-01-31,川口,108,49,59,0,0,1,0,0,1,0,1,3,1,3,3,2,1,1,1,4,0,3,2,5,6,2,3,2,2,0,3,7,10,5,4,6,9,5,12,65,
303666,223,和歌山県,有田川町,2026-01-31,谷,23,11,12,0,0,0,0,0,0,0,0,0,0,0,0,0,0,0,0,0,0,0,0,1,0,1,0,1,0,0,1,2,1,3,2,0,3,3,5,21,
303666,224,和歌山県,有田川町,2026-01-31,立石,19,6,13,0,0,0,0,0,0,0,0,0,0,0,0,0,0,0,0,0,0,0,0,2,0,0,0,0,0,0,0,1,0,0,1,0,4,3,8,15,
303666,231,和歌山県,有田川町,2026-01-31,彦ケ瀬,29,13,16,0,0,0,0,0,0,0,0,0,1,0,1,0,0,0,0,2,0,1,0,2,1,1,1,2,0,1,2,1,0,1,4,0,3,2,3,19,
303666,232,和歌山県,有田川町,2026-01-31,瀬井,51,28,23,0,0,0,0,1,0,0,1,1,0,1,0,1,0,1,0,3,1,1,3,2,0,1,0,1,1,1,3,6,3,3,7,2,2,3,2,29,
303666,234,和歌山県,有田川町,2026-01-31,西ケ峯,181,84,97,0,0,0,0,3,0,0,2,3,3,2,0,5,2,5,1,2,3,5,4,8,9,8,4,11,8,8,3,5,11,11,9,5,15,3,23,94,
303666,236,和歌山県,有田川町,2026-01-31,中,51,24,27,0,0,0,0,0,0,0,0,0,2,0,0,1,0,1,0,3,3,2,0,0,2,2,1,0,2,4,3,3,0,0,2,3,4,5,8,27,
303666,237,和歌山県,有田川町,2026-01-31,中峯,38,18,20,0,0,0,0,0,0,0,0,0,0,1,0,1,0,1,1,0,1,1,0,2,2,2,1,0,3,3,1,0,0,1,3,2,4,4,4,22,
303666,238,和歌山県,有田川町,2026-01-31,本堂,7,3,4,0,0,0,0,0,0,0,0,0,0,0,0,0,0,0,0,0,1,1,0,0,0,0,0,0,0,1,0,0,0,1,1,0,1,0,1,5,
303666,239,和歌山県,有田川町,2026-01-31,有原,44,21,23,1,0,0,0,1,1,0,1,1,1,0,0,1,2,4,2,0,0,1,1,0,1,0,1,4,3,2,3,5,1,1,0,0,0,0,6,19,
303666,240,和歌山県,有田川町,2026-01-31,青田,60,25,35,0,0,0,0,0,0,0,1,0,1,3,1,0,0,0,1,1,3,2,1,0,0,2,2,2,3,4,3,3,5,3,2,3,5,2,7,34,
303666,241,和歌山県,有田川町,2026-01-31,沼田,56,30,26,0,0,0,0,0,0,0,0,1,0,1,1,0,0,0,1,1,0,0,0,3,1,2,2,7,2,1,2,2,3,5,3,0,3,7,8,28,
303666,242,和歌山県,有田川町,2026-01-31,延坂,30,17,13,0,0,0,0,0,0,0,0,0,0,0,0,0,0,1,0,3,0,1,0,1,0,1,2,3,1,3,2,1,1,1,3,2,2,0,2,21,
303666,244,和歌山県,有田川町,2026-01-31,大薗,25,11,14,0,0,0,0,0,0,1,0,0,0,0,0,0,1,0,3,3,0,0,1,0,0,1,0,2,3,1,1,1,0,0,0,0,1,2,4,11,
303666,245,和歌山県,有田川町,2026-01-31,尾上,29,14,15,0,0,0,0,0,1,0,1,0,1,0,0,1,0,0,0,1,0,2,2,2,1,0,1,2,3,2,1,0,0,1,3,2,1,1,0,15,
303666,246,和歌山県,有田川町,2026-01-31,小原,28,13,15,0,0,0,0,1,0,2,1,0,0,0,0,0,1,0,0,0,0,0,1,4,1,0,0,2,0,0,1,2,2,1,4,0,0,1,4,15,
303666,247,和歌山県,有田川町,2026-01-31,生石,104,47,57,0,1,1,2,2,0,1,1,0,0,0,0,3,2,0,2,1,1,1,0,2,2,3,3,6,8,6,4,4,1,3,6,3,9,11,15,59,
303666,251,和歌山県,有田川町,2026-01-31,丹生,148,68,80,1,1,1,1,0,2,1,2,4,2,3,1,4,1,3,1,6,3,5,7,5,3,5,11,2,4,5,7,8,8,4,10,4,6,7,10,69,
303666,252,和歌山県,有田川町,2026-01-31,糸野,307,133,174,1,5,3,3,4,5,14,5,3,9,5,3,8,3,0,3,8,11,7,11,8,16,4,8,12,11,10,19,13,22,16,11,6,13,11,16,137,
303666,253,和歌山県,有田川町,2026-01-31,下六川,63,31,32,0,1,0,1,1,0,1,1,1,1,0,0,1,0,0,0,2,2,0,1,4,2,3,3,2,2,0,1,4,6,8,4,4,2,0,5,24,
303666,254,和歌山県,有田川町,2026-01-31,釜中,40,18,22,0,0,0,0,0,0,0,0,0,0,0,0,0,1,0,1,0,1,0,1,2,0,2,2,0,0,2,2,1,3,3,2,2,6,6,3,20,
303666,255,和歌山県,有田川町,2026-01-31,黒松,75,34,41,0,0,2,0,0,2,2,2,2,1,0,3,1,0,1,3,3,0,1,0,3,4,0,2,4,4,4,6,2,2,4,5,3,3,2,4,34,
303666,256,和歌山県,有田川町,2026-01-31,上六川,67,32,35,0,0,0,2,2,0,2,0,1,2,2,1,1,1,1,3,2,1,1,1,0,1,3,2,3,5,4,3,3,2,1,3,0,3,6,5,32,
303666,301,和歌山県,有田川町,2026-01-31,中原,37,16,21,0,0,2,0,0,0,0,0,0,0,0,0,0,2,1,0,1,1,1,2,1,0,0,0,1,3,1,1,4,4,3,1,1,2,0,5,23,
303666,302,和歌山県,有田川町,2026-01-31,川合,17,7,10,0,0,0,0,0,0,0,0,0,0,0,0,0,0,0,0,0,0,0,0,0,0,1,1,1,0,2,2,2,1,0,2,0,3,1,1,14,
303666,303,和歌山県,有田川町,2026-01-31,二澤,22,6,16,0,0,0,0,0,0,0,0,0,0,0,0,0,0,0,0,0,0,0,0,0,0,0,1,1,1,1,0,1,1,0,2,0,1,3,10,19,
303666,304,和歌山県,有田川町,2026-01-31,北野川,11,3,8,0,0,0,0,0,0,0,0,0,0,0,0,0,0,0,0,0,0,0,0,1,1,1,0,0,0,0,0,1,0,0,2,0,0,0,5,11,
303666,311,和歌山県,有田川町,2026-01-31,粟生,237,110,127,0,1,1,1,2,0,3,3,4,1,0,2,3,3,1,2,5,5,2,6,10,4,11,9,9,6,11,10,8,17,18,10,7,18,15,29,149,
303666,312,和歌山県,有田川町,2026-01-31,二川,243,103,140,4,5,1,2,1,3,0,0,3,4,2,0,5,4,3,7,7,1,5,3,7,5,8,8,10,11,11,15,11,13,7,13,5,15,13,31,133,
303666,313,和歌山県,有田川町,2026-01-31,東大谷,24,13,11,0,0,0,0,0,0,0,0,0,0,0,0,0,0,0,0,0,0,0,0,0,0,1,0,2,0,1,1,2,3,4,1,0,0,3,6,18,
303666,314,和歌山県,有田川町,2026-01-31,三瀬川,16,9,7,0,0,0,0,0,0,0,0,0,0,0,0,0,0,0,0,1,0,0,0,2,0,0,0,1,0,0,1,2,3,2,1,0,2,1,0,9,
303666,315,和歌山県,有田川町,2026-01-31,日物川,27,10,17,0,0,0,0,0,0,0,0,0,0,0,0,0,0,0,1,0,0,1,0,1,0,3,1,0,3,2,2,0,3,0,0,1,4,2,3,19,
303666,316,和歌山県,有田川町,2026-01-31,境川,34,15,19,0,0,0,0,0,1,1,1,0,0,0,1,0,0,1,0,0,1,1,1,2,1,1,0,0,0,1,0,0,2,3,1,1,4,4,6,20,
303666,321,和歌山県,有田川町,2026-01-31,井谷,14,7,7,0,0,0,0,0,0,0,0,0,0,0,0,0,0,0,0,0,0,1,0,1,1,0,0,0,0,2,1,2,1,1,2,0,0,0,2,9,
303666,322,和歌山県,有田川町,2026-01-31,板尾,76,31,45,0,1,0,0,0,1,2,0,0,0,0,2,2,0,2,2,1,0,1,2,1,2,0,2,7,5,4,2,4,5,4,4,1,5,2,12,51,
303666,323,和歌山県,有田川町,2026-01-31,杉野原,97,47,50,0,0,1,0,1,4,4,2,1,1,3,0,0,1,1,0,1,3,3,3,4,4,2,3,4,3,2,3,7,5,5,5,2,3,6,10,47,
303666,324,和歌山県,有田川町,2026-01-31,押手,39,17,22,0,0,0,0,0,0,0,0,0,1,0,0,0,0,0,0,3,0,1,0,1,1,1,1,0,1,3,5,1,3,2,3,1,4,4,3,24,
303666,325,和歌山県,有田川町,2026-01-31,沼谷,26,11,15,0,0,0,0,0,0,0,0,0,0,0,0,0,0,0,1,0,0,0,1,0,0,0,0,0,1,2,3,2,0,4,2,0,1,3,6,18,
303666,331,和歌山県,有田川町,2026-01-31,楠本,87,36,51,0,0,0,0,0,0,0,0,1,1,1,0,1,0,1,1,2,0,1,2,2,1,5,2,4,1,2,5,2,5,6,5,2,8,6,20,61,
303666,332,和歌山県,有田川町,2026-01-31,沼,39,15,24,0,0,0,0,0,0,0,0,0,0,0,0,0,0,0,0,1,0,0,0,1,0,1,1,3,3,2,1,1,2,1,2,0,5,5,10,29,
303666,333,和歌山県,有田川町,2026-01-31,遠井,28,10,18,0,0,0,0,0,0,0,0,0,0,0,0,0,0,0,0,0,0,0,0,0,1,2,1,0,1,2,1,0,1,4,1,0,2,2,10,21,
303666,334,和歌山県,有田川町,2026-01-31,三田,63,27,36,0,0,0,1,1,0,0,1,0,0,0,0,1,0,2,1,1,0,2,2,1,0,0,2,4,4,2,2,3,5,6,2,0,6,4,10,37,
303666,335,和歌山県,有田川町,2026-01-31,宮川,33,14,19,3,1,0,1,1,0,0,0,0,0,0,1,0,1,1,1,1,1,0,0,1,0,0,1,1,3,3,1,1,1,0,1,0,1,2,5,17,
303666,336,和歌山県,有田川町,2026-01-31,大蔵,23,12,11,0,0,0,0,0,0,0,0,0,0,1,0,1,0,1,0,0,0,0,0,2,2,0,1,1,0,1,2,0,1,3,2,1,0,1,3,13,
303666,337,和歌山県,有田川町,2026-01-31,清水,677,320,357,0,1,6,4,10,9,8,14,8,6,6,5,10,6,7,10,12,10,16,11,20,24,26,22,31,30,37,39,33,35,32,31,17,28,41,72,356,
303666,338,和歌山県,有田川町,2026-01-31,久野原,273,134,139,0,1,1,3,5,5,5,5,4,4,1,3,5,6,1,1,5,7,12,5,7,7,12,8,7,11,13,13,20,12,15,16,11,12,10,20,138,
303666,339,和歌山県,有田川町,2026-01-31,下湯川,55,22,33,0,0,0,0,0,0,0,0,1,0,0,1,0,0,0,0,1,0,1,1,2,1,2,2,1,2,1,2,0,4,3,5,2,5,8,10,38,
303666,340,和歌山県,有田川町,2026-01-31,上湯川,15,4,11,0,0,0,0,0,0,0,0,0,0,0,0,0,0,0,0,0,0,0,0,1,0,1,1,0,1,0,0,0,0,0,1,0,2,2,6,9,
303666,341,和歌山県,有田川町,2026-01-31,上湯川(室川),5,3,2,0,0,0,0,0,0,0,0,0,0,1,0,0,0,0,0,0,0,0,0,0,0,0,1,2,0,0,0,0,0,0,0,0,0,0,1,3,
,,,,,,,,,,,,,,,,,,,,,,,,,,,,,,,,,,,,,,,,,,,,,,
